modis_sst,modis_chlora,salinity,bathymetry_m,latitude,longitude,depth,aragonite,latitude,longitude
,,35.87,4379.0,-30.0,66.0,5.47,5.236663024025115,-30.0,66.0
22.841249465942383,,35.618,4309.0,-12.916,-103.0,5.0,4.646915563424797,-12.916,-103.0
,,34.596,72.0,56.0,-0.5005,4.608,3.7529780228065177,56.0,-0.5005
7.25124979019165,,30.9991,191.0,48.6183,-123.2483,2.0,0.5216206661807979,48.6183,-123.2483
,,35.245,104.0,60.0,0.5,5.0,3.901837230979892,60.0,0.5
,,31.04,520.0,58.001,8.499,5.0,4.16805198011691,58.001,8.499
19.174999237060547,,34.853,4471.0,30.013,137.01,0.0,4.803443436543964,30.013,137.01
27.361665725708008,,35.194,4741.0,14.141,-69.697,3.0,4.7353526108134725,14.141,-69.697
30.636428833007812,,32.851,95.0,27.8697,-93.83,2.0,4.163536984076477,27.8697,-93.83
24.693750381469727,,36.035,5095.0,11.0,-26.0,10.0,4.779144507160813,11.0,-26.0
14.586666107177734,,34.3798,4254.0,-32.5002,-77.5253,6.0,4.054690763187024,-32.5002,-77.5253
6.005000114440918,,31.1335,76.0,57.5,-167.99,3.0,4.886357609618273,57.5,-167.99
,,35.58,4150.0,-32.001,95.0,3.0,4.975252196705179,-32.001,95.0
25.920000076293945,,35.33,4650.0,-26.0,-150.0,2.0,4.576062414221895,-26.0,-150.0
12.489999771118164,,32.803,22.0,44.2,-124.14,4.0,5.307833249101708,44.2,-124.14
,,35.882,3995.0,42.5,-20.0,4.6364,4.918881409789175,42.5,-20.0
,,35.685,3896.0,42.998,-18.001,5.9523,4.789712582879182,42.998,-18.001
,,34.663,71.0,57.0,-1.4995,4.006,3.8165409047499153,57.0,-1.4995
9.8125,,32.448,3092.0,48.976,-130.66,7.0,3.627665749924765,48.976,-130.66
,,34.135,4475.0,-56.669,-76.209,7.0,3.3198844445440514,-56.669,-76.209
4.085000038146973,,33.836,3333.0,-56.0,-150.0,2.0,3.5055644252052764,-56.0,-150.0
,,35.782,5078.0,43.0,-20.0,5.4643,4.56820359973334,43.0,-20.0
,,32.517,5437.0,47.0,-168.21,10.0,3.4588607488732195,47.0,-168.21
20.975000381469727,,35.416,3998.0,-32.5,-129.45,6.0,4.633931491443321,-32.5,-129.45
2.049999952316284,,33.622,3193.0,-57.0,-150.0,4.0,2.999082329632001,-57.0,-150.0
,,32.348,644.0,54.599,-158.5,6.0,3.6612560329196473,54.599,-158.5
8.182499885559082,,32.3585,198.0,59.8968,-178.8083,2.0,5.3236193096820585,59.8968,-178.8083
,,34.52,3762.0,-32.499,-94.662,10.0,4.436037555851914,-32.499,-94.662
29.61400032043457,,35.791,70.0,27.317,-83.983,9.0,4.956003311292993,27.317,-83.983
,,35.121,5037.0,-17.5,-171.0,1.5904,5.209409551871879,-17.5,-171.0
20.132999420166016,,34.703,4524.0,29.987,137.02,10.0,4.873958719735441,29.987,137.02
,,34.897,120.0,59.0,1.4998,10.0,5.111905916950401,59.0,1.4998
16.221250534057617,,35.6174,4787.0,46.54428,-19.67308,5.0,5.074710178447258,46.54428,-19.67308
,,35.94,5251.0,38.998,-18.668,4.9621,5.306749176247812,38.998,-18.668
,,31.6827,67.0,57.9,-169.32,10.0,2.1006671995472375,57.9,-169.32
9.760000228881836,,32.768,5351.0,44.078,154.97,0.0,3.997248583569798,44.078,154.97
26.60999870300293,,34.5463,5241.0,14.9888,164.9837,10.0,4.56311895009898,14.9888,164.9837
,,35.105,113.0,60.0,-1.7002,5.0,4.693374000169956,60.0,-1.7002
2.862499952316284,,34.794,3528.0,56.96,-52.237,2.0,3.2927005807457372,56.96,-52.237
11.207500457763672,,35.255,2730.0,60.0,-20.002,3.0,5.072948552038688,60.0,-20.002
,,35.188,1825.0,58.55,-30.367,2.48,4.313993535433827,58.55,-30.367
14.477499961853027,,36.033,4187.0,44.427,-36.732,10.0,4.930446821937631,44.427,-36.732
,,32.0203,41.0,59.4552,-167.7942,10.0,2.8240223152280395,59.4552,-167.7942
,,35.142,5651.0,-22.499,-170.0,2.5837,5.164127604785954,-22.499,-170.0
,,33.861,5524.0,-53.001,30.001,8.0,3.072630673043007,-53.001,30.001
14.06999969482422,,31.344,36.0,48.84,-125.47,3.0,3.801520566931363,48.84,-125.47
10.699999809265137,,34.096,4039.0,-47.0,-103.0,3.0,3.3484592969133886,-47.0,-103.0
25.29400062561035,,36.25,2552.0,9.0,-40.2,10.0,4.9505518720783375,9.0,-40.2
28.81999969482422,,34.912,2305.0,-4.9913,164.99,0.0,4.777589651507016,-4.9913,164.99
17.78999900817871,,34.766,5889.0,29.972,145.09,0.0,4.683686807664489,29.972,145.09
,,31.7574,72.0,57.4945,-167.3435,2.0,2.5613355738679227,57.4945,-167.3435
,,34.037,4743.0,-57.75,-103.0,5.0,3.468469107047095,-57.75,-103.0
20.373748779296875,,35.558,7544.0,-32.5,-177.67,4.0,4.661970377969812,-32.5,-177.67
23.78499984741211,,36.301,3859.0,18.0,-26.0,6.0,4.974923607951515,18.0,-26.0
,,34.377,4741.0,-51.0,-150.0,7.0,3.9812823987141623,-51.0,-150.0
28.184999465942383,,34.008,2974.0,8.0163,137.0,0.0,4.5556700157685,8.0163,137.0
24.231666564941406,,36.064,203.0,18.01,-16.5,9.0,4.705944362981804,18.01,-16.5
13.06333351135254,,34.87,2006.0,-44.153,-173.94,4.0,4.1657186642841895,-44.153,-173.94
0.0024999976158142,,33.828,2379.0,-59.5,-150.0,7.0,2.9547195869055205,-59.5,-150.0
4.485000133514404,,31.4298,69.0,59.72,-171.14,3.0,4.036185562424852,59.72,-171.14
13.594999313354492,,35.691,4406.0,49.999,-20.001,3.0,5.042867277264498,49.999,-20.001
,,34.837,37.0,55.001,3.5035,5.433,3.782045365996207,55.001,3.5035
10.755000114440918,,34.544,4559.0,-50.499,-150.0,5.0,4.070064366134158,-50.499,-150.0
27.4375,,34.678,4642.0,-15.169,94.997,5.0,4.598618645049215,-15.169,94.997
,,35.165,1490.0,59.2,-17.88,5.0,4.678048219974766,59.2,-17.88
23.948888778686523,,33.651,3755.0,2.0003,-110.0,3.0,4.150456258682048,2.0003,-110.0
27.771665573120117,,35.117,5055.0,-1.3337,-3.0,5.0,4.548726934154008,-1.3337,-3.0
29.58625030517578,,34.004,5020.0,9.9955,163.98,0.0,4.242686049600065,9.9955,163.98
,,34.008,5534.0,41.0,155.0,10.0,4.569811754819648,41.0,155.0
,,35.609,5319.0,-9.5007,-169.0,2.6848,5.146165808918477,-9.5007,-169.0
,,34.726,39.0,56.983,5.25,10.0,4.807537286232014,56.983,5.25
,,31.2999,39.0,59.8667,-167.9942,10.0,1.0589858706582935,59.8667,-167.9942
17.799999237060547,,35.152,4083.0,-37.999,95.004,5.0,4.504811050875594,-37.999,95.004
,,39.152,2739.0,32.5,25.53,9.0,5.17212055427034,32.5,25.53
,,28.622,17.0,54.399,8.0996,10.0,1.903325994687893,54.399,8.0996
7.423333168029785,,34.0948,4397.0,-54.4189,-89.146,9.0,3.4524997526460472,-54.4189,-89.146
24.221248626708984,,36.534,4607.0,19.0,-29.0,3.0,5.038806802032357,19.0,-29.0
,,36.448,5517.0,-7.994,-28.007,6.0,5.2258073491379,-7.994,-28.007
,,35.155,120.0,59.0,1.5003,5.373,3.703771783776272,59.0,1.5003
,,33.976,4733.0,-56.993,57.607,4.0,2.856304965022197,-56.993,57.607
5.184999942779541,,34.782,3397.0,59.068,-49.944,3.0,4.237003273506064,59.068,-49.944
14.0,,32.316,4254.0,49.995,-144.99,10.0,3.4826727825358916,49.995,-144.99
,,35.6078,214.0,33.7153,-76.5303,6.0,4.934513684528573,33.7153,-76.5303
28.184999465942383,,33.918,2839.0,8.006,136.99,5.0,4.376865716751966,8.006,136.99
6.303333282470703,,31.1659,86.0,59.11,-170.25,2.0,2.298337495418033,59.11,-170.25
15.087499618530272,,34.785,5853.0,34.0,155.0,10.0,4.818493013590259,34.0,155.0
1.225000023841858,,33.78,4460.0,-60.0,63.02,6.232,3.050427906710854,-60.0,63.02
19.751249313354492,,34.784,4478.0,30.011,137.03,10.0,4.985455849944981,30.011,137.03
,,33.456,5299.0,40.02,147.53,5.0,3.619583194943653,40.02,147.53
8.25,,33.931999999999995,15.0,54.2488,-9.12867,8.0,3.668030767328789,54.2488,-9.12867
27.357999801635746,,28.847,219.0,7.2201,-53.322,2.0,3.8507845381748895,7.2201,-53.322
16.051666259765625,,35.872,4050.0,43.779,-17.031,6.0,5.013570592388999,43.779,-17.031
24.292499542236328,,36.551,4808.0,18.499,-29.0,4.0,5.117254532804877,18.499,-29.0
,,34.117,2837.0,3.0,155.0,9.0,4.651547928797305,3.0,155.0
14.024999618530272,,29.92,196.0,47.702,-122.451,3.0,1.1650340085312825,47.702,-122.451
,,36.006,5000.0,40.5,-16.67,6.0559,4.90028003582286,40.5,-16.67
,,33.67,25.0,53.2,4.4996,5.0,4.056727709297332,53.2,4.4996
,,33.825,4187.0,-56.927,139.86,5.0,3.0470504391609716,-56.927,139.86
26.786666870117188,,36.287,5480.0,12.49,-29.0,3.0,5.3181769550239615,12.49,-29.0
25.57071304321289,,36.083,3407.0,-0.9959,-24.998,4.0,4.748138290140959,-0.9959,-24.998
18.439998626708984,,34.8094,6121.0,33.5052,141.5235,0.0,4.537556376687539,33.5052,141.5235
,,34.128,164.0,57.5,7.4998,5.0,4.905659447811165,57.5,7.4998
24.35999870300293,,36.079,5465.0,11.403,-24.272,4.0,4.870155092312989,11.403,-24.272
28.407499313354492,,34.0156,4143.0,-13.0168,94.9997,6.0,4.273815975974844,-13.0168,94.9997
,,34.831,5729.0,26.0,155.0,5.0,4.584849740703962,26.0,155.0
3.973333358764648,,33.733,4227.0,-47.67,58.0,2.0,3.6275969528316727,-47.67,58.0
28.96555519104004,,33.544,3595.0,17.0,-110.0,2.0,4.148830739509861,17.0,-110.0
,,34.728,26.0,54.999,2.0012,9.889,4.166063900080503,54.999,2.0012
10.72249984741211,,32.345,2671.0,46.59,-126.32,5.0,3.382156829589439,46.59,-126.32
7.676666736602783,,32.755,5142.0,50.007,178.99,10.0,3.2126430950690255,50.007,178.99
,,32.755,4902.0,46.0,158.3,10.0,3.463692273837751,46.0,158.3
,,34.918,87.0,56.0,1.9997,5.911,4.600522434341027,56.0,1.9997
,,34.738,45.0,54.4,4.0005,5.0,4.081092234457212,54.4,4.0005
6.296666622161865,,34.7947,3116.0,59.36322,-36.39468,5.0,3.872938042179767,59.36322,-36.39468
30.842498779296875,,32.61,95.0,27.8697,-93.83,4.0,4.122982001648838,27.8697,-93.83
,,33.829,3444.0,-51.2,-13.33,10.0,3.7930397676315257,-51.2,-13.33
25.2237491607666,,35.567,5476.0,-20.503,-170.0,4.0,5.096913171611125,-20.503,-170.0
,,31.686,67.0,57.9,-169.32,1.0,2.973239784567283,57.9,-169.32
8.885000228881836,,33.835,11.0,53.3383,-6.09567,10.0,3.4299964366799083,53.3383,-6.09567
16.448572158813477,,34.016,82.0,30.458,126.23,3.0,4.336150401816711,30.458,126.23
9.545000076293944,,32.799,4961.0,46.5,-152.0,3.0,3.036142886180934,46.5,-152.0
,,34.765,80.0,57.002,-0.50017,9.478,4.21563337382539,57.002,-0.50017
20.031665802001953,,34.817,4714.0,30.0,-139.51,4.0,4.307550170020871,30.0,-139.51
17.01333236694336,,34.571,5302.0,-39.667,-150.0,5.0,4.095234718724906,-39.667,-150.0
29.4516658782959,,34.589,5241.0,14.991,164.99,0.0,4.419588781348451,14.991,164.99
6.984999656677246,,32.768,26.0,53.2017,-9.25933,3.0,3.233830640144318,53.2017,-9.25933
3.297499895095825,,33.747,3725.0,-58.85,139.84,6.0,3.31282993780548,-58.85,139.84
4.464999675750732,,34.837,3336.0,59.484,-49.474,3.0,4.209820555304602,59.484,-49.474
2.6499998569488525,,34.27,3608.0,57.8,-51.34,3.0,5.323066932332178,57.8,-51.34
9.335000038146973,,35.007,3088.0,59.299,-35.763,10.0,4.291484035352489,59.299,-35.763
,,32.991,5337.0,44.0,155.0,4.0,3.0010575900388754,44.0,155.0
,,32.529,2106.0,43.088,-48.835,6.0,3.667015898469145,43.088,-48.835
,,34.673,96.0,58.001,4.2532,5.944,3.804251345878455,58.001,4.2532
,,31.6561,73.0,57.91,-169.24,2.0,1.7141258735727614,57.91,-169.24
14.835000038146973,,32.909,4415.0,42.001,164.99,0.0,3.5288744203294464,42.001,164.99
28.090999603271484,,35.174,5015.0,8.5007,-27.75,3.0,4.9403164754646385,8.5007,-27.75
12.329999923706056,,34.3553,5528.0,40.0075,159.671,9.0,3.889360804452521,40.0075,159.671
,0.2733702063560486,32.914,151.0,54.021,-55.198,4.0,2.4031506472797273,54.021,-55.198
20.03999900817871,,34.3137,5584.0,39.0175,165.6985,0.0,4.293622001999177,39.0175,165.6985
27.52750015258789,,36.347,4165.0,-16.753,-130.0,10.0,5.425871883037326,-16.753,-130.0
5.287499904632568,,32.891,5404.0,43.01,165.02,0.0,3.1901698741030935,43.01,165.02
17.677000045776367,,36.207,5099.0,40.333,-11.34,7.54,5.066250658122304,40.333,-11.34
,,34.171,4933.0,-54.018,-89.001,6.0,3.3326988762137293,-54.018,-89.001
,,34.543,6005.0,38.0,155.0,0.0,4.789922400233855,38.0,155.0
22.954999923706055,,36.923,5467.0,22.5,-27.594,3.0,5.324614513593287,22.5,-27.594
27.098569869995117,,34.413,5540.0,16.0,171.4,10.0,4.602950337075651,16.0,171.4
,,33.6638,5256.0,-59.1514,54.974,9.0,2.8459273524603517,-59.1514,54.974
,,35.288,125.0,60.0,-0.49967,5.664,5.794300468828287,60.0,-0.49967
28.792499542236328,,34.164,4249.0,7.005,136.99,4.0,4.261315595912531,7.005,136.99
18.323333740234375,,34.93,6060.0,30.0,166.73,3.0,4.67716825682965,30.0,166.73
12.872499465942385,,35.57,74.0,48.498,-8.4992,4.0,5.139848941371184,48.498,-8.4992
,,34.297,44.0,55.001,6.5013,8.825,3.1174109513184827,55.001,6.5013
8.246665954589844,,33.636,8.0,53.9493,-6.197,4.0,3.292460420740112,53.9493,-6.197
29.581249237060547,,34.776,2560.0,3.8233,-3.0003,6.0,4.824102489833433,3.8233,-3.0003
5.694999694824219,,34.0235,5071.0,-59.9678,-89.1335,8.0,3.7553857294673114,-59.9678,-89.1335
13.353750228881836,,29.065,245.0,48.63,-123.24,10.0,1.1973889146193053,48.63,-123.24
23.03333282470703,,35.618,4400.0,-29.998,66.417,1.157,4.610675435521746,-29.998,66.417
,,34.006,5534.0,41.0,155.0,6.0,4.498851089845857,41.0,155.0
29.553333282470703,,34.613,5127.0,1.6672,-3.0,5.0,4.582636029178193,1.6672,-3.0
,,34.893,5638.0,33.5,141.49,0.0,4.794799700370257,33.5,141.49
25.108999252319336,,36.446,5271.0,15.499,-29.0,3.0,5.354228543203505,15.499,-29.0
,,33.75,198.0,58.999,3.5028,5.0,4.2030480999637465,58.999,3.5028
10.670000076293944,,28.276,177.0,49.82,-124.86,2.0,1.2599659714556282,49.82,-124.86
,,34.626,28.0,53.8,1.4998,4.259,3.7669067306078934,53.8,1.4998
27.65166664123535,,35.944,4072.0,7.4998,-23.667,6.0,5.109615336477815,7.4998,-23.667
27.76249885559082,,33.913,4909.0,9.9778,136.97,0.0,4.536624183469816,9.9778,136.97
,,34.318,5630.0,15.5,-152.0,10.0,4.428355500814469,15.5,-152.0
,,34.996,2457.0,59.165,-34.476,3.0,4.624593387322009,59.165,-34.476
,,34.947,59.0,57.0,3.7498,5.448,4.878749832774303,57.0,3.7498
,,34.797,82.0,56.0,0.5,5.0,3.782989130740582,56.0,0.5
,,34.1659,5460.0,40.0098,158.3547,10.0,4.138311532147934,40.0098,158.3547
,,35.065,2273.0,-40.0,77.05,3.1,4.633657103659233,-40.0,77.05
,,35.8,6060.0,41.001,-17.334,8.0371,4.993638543614235,41.001,-17.334
,,32.0349,100.0,59.9,-173.4,2.0,2.9777662682614108,59.9,-173.4
24.231666564941406,,36.066,203.0,18.01,-16.5,6.0,4.730834102858315,18.01,-16.5
3.169999837875366,,34.761,3391.0,57.77,-53.916,10.0,3.668766950221218,57.77,-53.916
,,33.986,4085.0,-58.499,-125.98,10.0,3.146922041546122,-58.499,-125.98
,,34.846,3426.0,-44.529,-173.49,2.579,4.399670472035931,-44.529,-173.49
30.364999771118164,,35.0046,5562.0,24.2568,155.2408,0.0,4.50781572238434,24.2568,155.2408
25.36400032043457,,33.551,3891.0,4.5001,-110.0,4.0,4.1617010625556485,4.5001,-110.0
7.256999969482422,,27.957,57.0,49.02,-123.43,10.0,0.888021889081996,49.02,-123.43
30.44999885559082,,34.2272,2871.0,-0.0028,159.997,0.0,4.39072856484243,-0.0028,159.997
,,33.162,5293.0,44.0,160.0,10.0,3.433967725089472,44.0,160.0
,,34.754,33.0,52.01,2.5072,9.923,5.079096213940819,52.01,2.5072
,,32.9748,1146.0,42.8545,145.543,9.0,4.238529775170926,42.8545,145.543
,,34.261,5416.0,14.0,-152.0,10.0,4.439494335634716,14.0,-152.0
,,34.436,6005.0,38.0,155.0,6.0,4.9591270107474426,38.0,155.0
18.024999618530273,,34.819,5715.0,31.982,142.97,10.0,4.726380457537617,31.982,142.97
26.512142181396484,,35.9139,1782.0,13.1319,-69.8835,5.0,4.832410134410849,13.1319,-69.8835
6.230000019073486,,30.1331,93.0,59.8982,-174.0078,10.0,3.961686013606948,59.8982,-174.0078
21.709999084472656,,31.159,2.0,25.3451,-81.1521,1.0,3.7388897674682258,25.3451,-81.1521
,,33.417,40.0,33.49,-117.75,3.0,3.940260830783924,33.49,-117.75
11.114999771118164,,35.444,3817.0,52.025,-23.972,6.0,4.479948620282616,52.025,-23.972
25.529998779296875,,33.723,3876.0,3.0,-110.0,4.0,4.17123548215059,3.0,-110.0
29.167499542236328,,34.2262,5239.0,-0.0093,149.9998,10.0,4.406503344994666,-0.0093,149.9998
22.25500106811523,,35.925,62.0,20.39,-17.53,5.0,4.271317285438611,20.39,-17.53
,,35.391,5013.0,-28.006,-169.99,2.682,5.11875027259299,-28.006,-169.99
17.934444427490234,,33.57,73.0,25.919,120.79,2.0,4.19619061001306,25.919,120.79
,,32.432,140.0,55.003,-166.0,0.0,3.884392046848811,55.003,-166.0
,,34.734,5135.0,-46.337,-171.37,2.9753,4.310667329212095,-46.337,-171.37
16.565000534057617,,33.595,3023.0,30.69,-118.79,5.0,3.8637181668288343,30.69,-118.79
,,35.994,4153.0,40.5,-20.66,6.6976,4.998304276703748,40.5,-20.66
24.82799911499023,,36.272,3613.0,-25.001,-101.5,3.0,4.677073743648479,-25.001,-101.5
,,32.442,2750.0,52.33,-133.67,9.0,2.708853153913913,52.33,-133.67
,,35.502,5034.0,-6.9988,-168.75,1.4916,4.896382171303361,-6.9988,-168.75
,,35.112,981.0,-42.932,-174.79,2.7778,4.542272961916988,-42.932,-174.79
,,33.908,3611.0,-56.933,-0.003,9.0,3.0651584139031884,-56.933,-0.003
,,32.533,3539.0,53.489,-139.76,4.0,3.510259754978315,53.489,-139.76
25.371665954589844,,36.042,2874.0,-0.6661,-25.001,3.0,4.81333602953113,-0.6661,-25.001
27.897499084472656,,35.784,2250.0,8.0,-21.0,7.0,4.837976210654366,8.0,-21.0
,,36.026,5326.0,41.5,-18.66,7.8247,4.972375913075713,41.5,-18.66
,,34.219,39.0,52.583,2.5,10.0,3.694705332364833,52.583,2.5
,,32.547,4734.0,50.171,-150.14,1.0,3.8152709504633897,50.171,-150.14
4.194999694824219,,33.1116,5530.0,49.9965,164.9817,0.0,2.569129855312777,49.9965,164.9817
,,34.212,5658.0,39.5,155.0,10.0,4.375240942684325,39.5,155.0
,,32.789,5477.0,47.003,178.31,10.0,3.677471744490192,47.003,178.31
16.709999084472656,,33.595,1669.0,31.02,-118.12,6.0,3.902539337103036,31.02,-118.12
9.755000114440918,,32.839,4137.0,53.261,-148.05,3.0,2.476871184561184,53.261,-148.05
21.05666732788086,,34.704,291.0,29.743,130.28,10.0,4.846070786908839,29.743,130.28
,,35.813,4202.0,44.0,-18.0,8.3857,4.857716358796927,44.0,-18.0
,,33.14,90.0,57.5,6.0011,5.0,4.059549310207455,57.5,6.0011
,,34.788,3742.0,-32.503,-100.0,10.0,4.597626600055339,-32.503,-100.0
22.017499923706055,,35.885,2626.0,-23.999,5.0978,7.0,4.766388877196453,-23.999,5.0978
28.8487491607666,,35.1471,12.0,33.0042,-79.1847,3.0,4.559178898657589,33.0042,-79.1847
0.3149999976158142,,34.005,3602.0,-56.005,0.00883,8.5,2.822088427228381,-56.005,0.00883
,,35.882,4731.0,39.001,-20.001,4.9621,5.153952346492619,39.001,-20.001
,,36.99,4907.0,-24.0,-24.883,6.0,5.387597982266031,-24.0,-24.883
30.0049991607666,,34.823,4411.0,20.502,149.33,10.0,4.648618514145851,20.502,149.33
-0.3424999713897705,,30.8603,90.0,57.89,-171.52,3.0,5.719681653979995,57.89,-171.52
,,33.765,26.0,53.203,3.5012,10.0,4.04983373147336,53.203,3.5012
8.731666564941406,,29.3224,245.0,48.63,-123.24,6.0,0.5950365701713578,48.63,-123.24
,,32.95,5532.0,50.03,165.0,4.0,2.8145840429444675,50.03,165.0
19.767499923706055,,34.971,5820.0,30.0,155.87,3.0,4.7675993676787485,30.0,155.87
21.991249084472656,,34.667,1136.0,29.294,130.05,10.0,4.973287037034459,29.294,130.05
,,35.749,2648.0,41.501,-20.0,3.9688,4.850088963047708,41.501,-20.0
29.878332138061523,,34.248,4779.0,4.9628,164.99,0.0,4.522751464768156,4.9628,164.99
27.542999267578125,,24.4962,205.0,7.0808,-53.22,5.0,3.018971105676264,7.0808,-53.22
,,31.7418,75.0,57.68,-169.43,3.0,2.1371779165456544,57.68,-169.43
,,33.302,44.0,55.0,6.5,10.0,3.808700501494308,55.0,6.5
,,34.47,31.0,53.783,0.48333,10.0,4.011603100525578,53.783,0.48333
22.56333351135254,,34.903,3297.0,23.993,130.99,0.0,4.906794336632483,23.993,130.99
,,34.038,2923.0,55.624,-53.645,2.0,4.698254705488892,55.624,-53.645
,,33.732,3852.0,-58.903,-63.647,5.4,3.1987812854081823,-58.903,-63.647
10.559999465942385,,33.063,4902.0,46.0,158.3,0.0,4.049547995135405,46.0,158.3
,,31.3895,95.0,59.5948,-170.9217,9.0,2.256392066268962,59.5948,-170.9217
4.215000152587891,,33.733,3938.0,-57.348,139.88,5.0,3.2618311629372876,-57.348,139.88
,,34.104,3691.0,-50.675,143.41,9.0,3.5673396796039603,-50.675,143.41
28.38666534423828,,35.6736,23.0,32.8688,-79.0303,5.0,4.654901878440824,32.8688,-79.0303
27.22833251953125,,30.143,127.0,7.0084,-53.416,4.0,4.209140034269301,7.0084,-53.416
8.014999389648438,,30.315,2.0,53.2288,-9.0595,3.0,2.8749294078513272,53.2288,-9.0595
10.494999885559082,,35.0434,3579.0,53.266740000000006,-24.9529,6.0,4.4589711110828025,53.266740000000006,-24.9529
,,34.324,38.0,56.0,6.5018,5.0,3.738010549214139,56.0,6.5018
,,34.656,5825.0,35.01,147.5,10.0,5.005980597323017,35.01,147.5
14.048333168029783,,35.551,4426.0,49.004,-20.002,2.0,5.3005934171076055,49.004,-20.002
2.865000009536743,,33.884,4912.0,-56.058,84.261,7.0,3.094736041377904,-56.058,84.261
,,34.643,1161.0,37.52,142.49,8.0,5.073931861630519,37.52,142.49
9.601666450500488,,32.39,4256.0,50.0,-145.0,5.0,3.448328017696063,50.0,-145.0
,,32.91,22.0,53.833,6.5011,5.0,3.595553080899083,53.833,6.5011
,,34.5171,5741.0,39.9927,168.3647,10.0,4.435617339424069,39.9927,168.3647
24.092498779296875,,36.052,38.0,19.0,-16.56,6.0,4.442636646661032,19.0,-16.56
,,35.899,3799.0,41.0,-20.66,4.8012,5.030540269231732,41.0,-20.66
,,34.668,31.0,53.797,2.7538,10.0,3.700479480169045,53.797,2.7538
27.00833320617676,,35.458,4103.0,3.4995,-25.251,2.0,4.933346301735383,3.4995,-25.251
17.987499237060547,,34.89,6280.0,34.002,148.56,10.0,4.765232757060065,34.002,148.56
10.863332748413086,,35.364,94.0,56.138,-8.0797,10.0,4.459146468850619,56.138,-8.0797
,,33.977,3591.0,-51.54,143.0,4.0,3.4246589248413395,-51.54,143.0
,,31.4714,41.0,59.45,-167.81,10.0,1.8709406588959088,59.45,-167.81
13.460000038146973,,32.822,92.0,57.925,4.865,2.0,3.8883480185107167,57.925,4.865
,,35.735,4849.0,43.999,-18.667,7.5047,4.619413945423204,43.999,-18.667
22.924999237060547,,34.896,591.0,26.99,127.5,0.0,4.8309927375481685,26.99,127.5
,,33.722,5259.0,42.5,155.0,10.0,4.564675022810819,42.5,155.0
,,34.492,42.0,53.8,4.0007,4.728,3.601646334047767,53.8,4.0007
12.321999549865724,,32.771,5791.0,42.017,146.2,0.0,4.18028629098233,42.017,146.2
13.469999313354492,,32.815,6192.0,46.99,168.38,10.0,3.3992470574257334,46.99,168.38
20.6299991607666,,34.688,5972.0,35.488,148.43,9.0,4.974793460430078,35.488,148.43
4.414999961853027,,31.3978,48.0,59.91,-172.42,3.0,4.175995434095578,59.91,-172.42
10.554999351501465,,30.806,245.0,48.63,-123.24,2.0,0.8400669141594171,48.63,-123.24
,,34.492,3794.0,-0.0083,146.15,10.0,4.687240312040501,-0.0083,146.15
13.158332824707031,,33.559,1015.0,34.21,-121.02,5.0,3.8893539433155224,34.21,-121.02
16.822498321533203,,33.522,4326.0,30.0,-125.68,2.0,3.584459605231597,30.0,-125.68
,,34.818,4514.0,42.502,-46.563,10.0,4.881394810533365,42.502,-46.563
7.96999979019165,,32.4376,4256.0,50.0003,-144.999,10.0,2.7120998713078723,50.0003,-144.999
,,33.522,4883.0,33.003,-135.0,1.0,3.786998487617224,33.003,-135.0
,,34.297,42.0,54.4,5.2333,5.0,3.7087501620817744,54.4,5.2333
2.9024999141693115,,33.8675,5111.0,-57.2165,55.5509,9.0,3.0113217557087157,-57.2165,55.5509
23.78499984741211,,36.304,3859.0,18.0,-26.0,7.0,5.029935995163065,18.0,-26.0
18.770000457763672,,34.691,6166.0,34.489,149.03,9.0,5.0875936897804435,34.489,149.03
8.544166564941406,,34.806,60.0,51.9513,-6.94683,4.0,3.3791785399480756,51.9513,-6.94683
1.2400000095367432,,33.861,1824.0,-59.325,81.639,10.0,3.1662410922145816,-59.325,81.639
,,34.362,26.0,53.2,3.5037,5.186,4.731754862975553,53.2,3.5037
,,34.85,3081.0,59.492,-37.678,5.0,4.023364709529804,59.492,-37.678
12.920000076293944,,32.816,5678.0,46.989,-172.7,10.0,3.19551692882359,46.989,-172.7
,,35.794,5326.0,41.502,-18.666,4.961,4.658721893494271,41.502,-18.666
29.08099937438965,,34.42,4758.0,20.009,137.0,9.0,4.445705680192202,20.009,137.0
18.135000228881836,,18.845,261.0,49.73,-124.68,2.0,3.691951185505714,49.73,-124.68
17.822999954223633,,29.9425,54.0,41.20626,-72.22297,3.0,2.20412849091681,41.20626,-72.22297
3.7319998741149902,,33.706,3781.0,-48.001,0.001,9.0,3.452976969671265,-48.001,0.001
7.639999866485596,,33.203,5964.0,45.041,165.02,0.0,3.072738250802631,45.041,165.02
16.709999084472656,,33.595,1669.0,31.02,-118.12,10.0,3.912881755840936,31.02,-118.12
18.135000228881836,,26.977,261.0,49.73,-124.68,10.0,1.4799698156529002,49.73,-124.68
27.176666259765625,,35.73,4734.0,17.072,-66.472,3.0,5.019992552336334,17.072,-66.472
,,36.127,4788.0,39.496,-19.996,5.8007,5.010955837832906,39.496,-19.996
12.232500076293944,,35.574,4097.0,49.529,-22.017,8.0,4.755792958674532,49.529,-22.017
29.204999923706055,,36.0914,4263.0,11.6207,64.6675,5.0,4.911576811027518,11.6207,64.6675
,,33.954,4848.0,-59.522,-0.0045,10.0,2.997115057768676,-59.522,-0.0045
7.663333415985107,,32.9813,5904.0,47.0078,165.0078,0.0,2.917502809491487,47.0078,165.0078
15.207500457763672,,36.072,5038.0,38.018,-20.028,10.0,5.120582496506498,38.018,-20.028
8.042499542236328,,33.626999999999995,8.0,53.9517,-6.26267,6.0,3.4011200054086808,53.9517,-6.26267
,,35.88,3920.0,44.95,-34.583,9.453,5.337617370337112,44.95,-34.583
,,35.75,1486.0,-31.298,94.997,3.0,4.971442965496503,-31.298,94.997
20.1299991607666,,34.787,125.0,28.7,126.45,0.0,4.929440794628246,28.7,126.45
,,36.154,3933.0,0.0866,-27.998,3.1824,5.084123770279125,0.0866,-27.998
13.420000076293944,,33.223,5173.0,43.081,153.37,0.0,4.440272429846552,43.081,153.37
17.604999542236328,,35.837,4026.0,43.999,-20.0,4.0,5.153592295278448,43.999,-20.0
,,34.4,5658.0,39.5,155.0,0.0,4.688669496308744,39.5,155.0
10.267999649047852,,35.47,1414.0,54.61,-17.901,3.0,4.071319342496484,54.61,-17.901
,,33.925,292.0,36.8,-121.87,5.0,5.087032130267038,36.8,-121.87
10.899999618530272,,33.291,5254.0,40.0,-152.0,4.0,3.8925460404304615,40.0,-152.0
,,35.364,4779.0,-35.332,-170.0,2.6804,4.852007200577122,-35.332,-170.0
26.643571853637695,,34.619,5250.0,19.0,155.0,0.0,5.0622743352572765,19.0,155.0
24.963333129882812,,36.121,87.0,18.01,-16.42,4.0,4.836500826281021,18.01,-16.42
,,32.431,186.0,43.335,-49.582,8.0,3.4500148262896206,43.335,-49.582
,,34.541,5255.0,-19.084,95.004,4.0,4.78013050302815,-19.084,95.004
,,34.349,5765.0,39.0,155.0,10.0,4.084914178845096,39.0,155.0
7.624999523162842,,32.977,5213.0,46.9,160.1,0.0,3.2062125795260568,46.9,160.1
,,34.596,74.0,55.0,0.5001,10.0,4.822400460426451,55.0,0.5001
30.26249885559082,,34.0334,4939.0,9.9932,136.9908,0.0,4.267383649859293,9.9932,136.9908
,,35.936,4093.0,42.0,-21.33,3.5883,5.004655880278697,42.0,-21.33
,,34.018,2575.0,2.0473,142.0,6.0,4.587348133098055,2.0473,142.0
29.398332595825195,,34.322,5483.0,14.996,137.0,10.0,4.497983356158251,14.996,137.0
,,30.804,48.0,59.8953,-169.2033,2.0,1.8988734967825585,59.8953,-169.2033
,,35.7,4418.0,42.499,-19.331,3.3731,4.864974005447773,42.499,-19.331
,,35.117,5365.0,-0.0027,179.13,0.0,4.7387904332316655,-0.0027,179.13
,,35.937,5221.0,40.0,-19.333,4.9616,5.151673746623482,40.0,-19.333
,,31.5436,59.0,57.9585,-169.3712,10.0,2.413162014114544,57.9585,-169.3712
10.210000038146973,,32.54,4161.0,54.55,-148.06,3.0,3.089355324584132,54.55,-148.06
15.354999542236328,,34.632,5825.0,37.992,148.99,0.0,4.425195698125916,37.992,148.99
27.46875,,32.824,5797.0,16.831,-56.2687,8.0,4.736539888423922,16.831,-56.2687
24.799999237060547,,34.6425,4282.0,24.0033,137.015,9.0,4.721024246414577,24.0033,137.015
24.98499870300293,,35.637,5309.0,-19.998,-170.0,4.0,5.139938880915568,-19.998,-170.0
6.1875,,32.991,5634.0,49.001,164.98,10.0,3.5325885303028746,49.001,164.98
23.818748474121097,,36.766,4546.0,26.497,-74.804,4.0,5.589996135773583,26.497,-74.804
30.439998626708984,,34.575,4334.0,0.9958,164.99,0.0,4.3944898833666075,0.9958,164.99
29.433332443237305,,34.007,3500.0,6.9983,148.69,10.0,4.573339552820319,6.9983,148.69
16.869998931884766,,34.524,3334.0,-32.498,-106.67,9.0,4.458308466335525,-32.498,-106.67
,,34.633,5781.0,35.985,148.16,9.0,4.987371968968073,35.985,148.16
,0.1542706489562988,33.866,3532.0,-55.5,0.002,10.0,2.9507050381464044,-55.5,0.002
28.21928596496582,,35.134,4984.0,-2.9992,-2.9997,5.0,4.537185443351877,-2.9992,-2.9997
,,35.289,4853.0,-37.765,-171.2,3.8709,4.780338920631129,-37.765,-171.2
7.857500076293945,,33.977,3528.0,-54.003,-149.98,4.0,3.459442333090775,-54.003,-149.98
28.545000076293945,,35.424,3813.0,7.0,-21.0,10.0,4.815246964529527,7.0,-21.0
22.549999237060547,,36.103,1631.0,18.5,-17.0,6.0,4.862849094294606,18.5,-17.0
30.23499870300293,,34.0404,4775.0,5.0128,165.0072,0.0,4.3164719735953625,5.0128,165.0072
,0.1403633803129196,33.5783,4277.0,4.6658,79.9985,10.0,4.17275859002289,4.6658,79.9985
6.359999656677246,,32.901,5213.0,46.9,160.1,0.0,3.383566512640499,46.9,160.1
,,35.805,4863.0,43.5,-18.66,5.5315,4.979623158835957,43.5,-18.66
21.998748779296875,,35.249,5056.0,-32.5,-146.53,6.0,4.711488029819137,-32.5,-146.53
,,32.632,4256.0,50.0,-145.0,4.0,2.9048615691332165,50.0,-145.0
,,32.961,5950.0,45.01,165.02,9.0,2.956055629600317,45.01,165.02
,,34.853,4821.0,-0.0027,174.99,0.0,4.673252337053196,-0.0027,174.99
,,34.13,3679.0,-49.605,143.95,10.0,3.570622780438634,-49.605,143.95
,,26.561,522.0,58.5,9.5017,5.211,3.0055799985497345,58.5,9.5017
,,32.086,119.0,56.002,-166.0,5.3,3.6382682793327774,56.002,-166.0
,,29.486,535.0,58.498,10.141,5.519,3.6437369793607712,58.498,10.141
,,34.2878,4393.0,-0.074,164.9962,0.0,4.422616002109914,-0.074,164.9962
,,35.813,5304.0,39.502,-16.666,4.9588,4.929183616148464,39.502,-16.666
4.174999713897705,,33.826,4624.0,-54.367,86.142,5.0,3.1480223105906777,-54.367,86.142
21.45199966430664,,35.576,4249.0,-30.08,175.84,10.0,4.941437916183593,-30.08,175.84
20.334999084472656,,34.624,6094.0,34.983,148.73,9.0,5.021790697169063,34.983,148.73
,,33.806,5534.0,41.0,155.0,0.0,3.6210658954892727,41.0,155.0
6.559000015258789,,30.624,7.0,53.219,-9.10017,3.0,2.686592090370725,53.219,-9.10017
,,32.935,5337.0,44.0,155.0,0.0,3.2158783591009312,44.0,155.0
7.664999961853027,,31.785,114.0,59.8983,-178.192,3.0,5.422537003933233,59.8983,-178.192
29.92124938964844,,34.0995,5354.0,4.9943,137.0083,10.0,4.229198670865811,4.9943,137.0083
22.649999618530273,,34.675,5076.0,24.961,137.0,10.0,4.795887304175199,24.961,137.0
26.421667098999023,,36.075,4857.0,7.5008,-39.5,5.0,5.0930717262383265,7.5008,-39.5
3.649999856948853,,34.655,3336.0,59.481,-49.467,4.0,4.285212357996333,59.481,-49.467
,,35.237,5757.0,26.001,165.0,0.0,5.298619748372139,26.001,165.0
,,28.745,337.0,57.999,6.5002,9.94,3.237706316438486,57.999,6.5002
,,33.9477,4474.0,-52.5006,30.0016,4.0,2.866252372097174,-52.5006,30.0016
,,34.289,30.0,53.8,0.5,10.0,3.5923989239074303,53.8,0.5
9.204999923706056,,31.783,125.0,51.001,-127.84,2.0,2.6840481502864675,51.001,-127.84
,,31.5,102.0,58.0,10.4,5.138,4.181670722000076,58.0,10.4
,,28.25,0.0,52.2497,-6.9928300000000005,7.0,2.0397620517207495,52.2497,-6.9928300000000005
,,34.602,28.0,53.8,1.499,5.111,4.680384575059067,53.8,1.499
,,30.9136,65.0,59.9,-170.4,4.0,2.691337813196233,59.9,-170.4
29.799999237060547,,33.774,5292.0,5.0157,137.01,10.0,4.4269484715558045,5.0157,137.01
13.364999771118164,,34.715,6036.0,37.0235,149.6937,9.0,4.520131744712478,37.0235,149.6937
,,34.86,49.0,50.317,-0.48333,5.0,4.020184910916464,50.317,-0.48333
-0.5774999856948853,,32.414,883.0,55.112,-54.139,2.0,3.533604286962089,55.112,-54.139
,,33.756,3678.0,-49.568,2.2345,3.0,3.287502246242117,-49.568,2.2345
27.502498626708984,,34.274,5055.0,9.9888,163.96,10.0,4.555025429527615,9.9888,163.96
,,32.26,30.0,56.001,7.4988,10.0,4.022215887541559,56.001,7.4988
,,34.485,5359.0,40.916,149.9,0.0,4.603071066066898,40.916,149.9
,,32.959,269.0,59.0,4.7,5.0,3.709740602021785,59.0,4.7
,,31.7553,54.0,57.5328,-167.0313,2.0,2.564771004957644,57.5328,-167.0313
23.453332901000977,,36.083,50.0,18.5,-16.4,6.0,4.47675776398832,18.5,-16.4
,,34.614,30.0,56.999,7.504,4.364,3.603951554651692,56.999,7.504
14.17562484741211,,29.4461,191.0,48.614,-123.2467,2.0,1.279297468876636,48.614,-123.2467
28.04749870300293,,36.2149,43.0,32.5763,-78.7023,6.0,4.98268154366526,32.5763,-78.7023
,,35.341,5545.0,-33.996,-170.0,2.2836,4.77605954392984,-33.996,-170.0
14.4399995803833,,34.573,5825.0,37.992,148.98,10.0,4.291204390676335,37.992,148.98
25.954999923706055,,36.891,4890.0,-24.0,-21.3,6.0,5.174347648347762,-24.0,-21.3
,,36.097,5161.0,39.0,-16.67,8.6789,4.838524245055425,39.0,-16.67
,,33.045,102.0,57.998,10.399,9.016,3.3320915605900936,57.998,10.399
,,35.525,1292.0,53.0,-14.988,10.0,3.995098997806295,53.0,-14.988
,,34.4046,4114.0,23.7553,132.9998,9.0,4.246072397537324,23.7553,132.9998
,,34.267,1936.0,-0.0068,155.85,0.0,4.47355977941124,-0.0068,155.85
,,34.158,3794.0,0.0028,161.48,0.0,4.534487803840945,0.0028,161.48
,,31.042,522.0,58.5,9.4998,10.0,3.5243906305051382,58.5,9.4998
28.732498168945312,,34.207,4787.0,4.9912,165.0,0.0,4.273422496804886,4.9912,165.0
,,34.64,125.0,28.699,126.45,0.0,4.752998280430141,28.699,126.45
9.44499969482422,,34.105,4466.0,-45.0,1.247,5.0,3.910898340295861,-45.0,1.247
,,33.448,535.0,58.5,10.131,4.885,3.523803236716726,58.5,10.131
,,32.4862,138.0,59.89,-177.62,1.0,2.389915582360678,59.89,-177.62
17.327499389648438,,32.074,15.0,41.31002,-70.51206,2.0,2.694408638894085,41.31002,-70.51206
,,34.48,30.0,56.999,7.5002,5.474,4.031718175499557,56.999,7.5002
,,35.639,3002.0,-28.31,95.008,3.0,5.240161160163022,-28.31,95.008
16.065000534057617,,33.905,3926.0,-39.501,-103.0,5.0,3.55068071533781,-39.501,-103.0
,,30.662,522.0,58.5,9.4998,5.0,4.060658721487295,58.5,9.4998
,,34.646,112.0,59.0,2.4997,5.0,5.903892790300172,59.0,2.4997
,,33.031,4948.0,45.5,157.5,10.0,3.193254121020861,45.5,157.5
27.57749938964844,,34.389,5481.0,14.999,136.99,10.0,4.788165625958671,14.999,136.99
2.6499998569488525,,30.816,207.0,54.254,-54.1,1.0,3.378417469787356,54.254,-54.1
,,34.4657,3939.0,24.0083,136.982,10.0,4.267255026343814,24.0083,136.982
,,34.794,37.0,55.0,3.5004,5.0,4.330920713751924,55.0,3.5004
28.26166725158691,,35.344,6057.0,23.991,164.99,10.0,4.6964414589175,23.991,164.99
17.350000381469727,,35.309,4118.0,-38.499,-26.867,4.0,4.703272420551124,-38.499,-26.867
25.809999465942383,,34.0274,125.0,28.6987,126.446,0.0,4.386366970510131,28.6987,126.446
26.63999938964844,,36.1994,4601.0,8.5985,-52.4769,4.0,4.916723703948032,8.5985,-52.4769
17.09000015258789,,35.774,4264.0,48.413,-21.141,3.07,5.330332111280581,48.413,-21.141
26.66499900817871,,34.562,5382.0,11.0,-152.0,5.0,4.558969440243378,11.0,-152.0
,,34.974,46.0,50.499,0.5,4.777,3.8589032699183834,50.499,0.5
,,34.83,61.0,56.983,3.6833,5.0,4.854928309726886,56.983,3.6833
4.414999961853027,,34.132,4825.0,-57.481,-97.537,3.0,3.2479217936635596,-57.481,-97.537
28.00749969482422,,34.209,5004.0,10.002,136.97,10.0,4.507657598957112,10.002,136.97
,,35.192,5659.0,-24.5,-170.0,2.8814,5.239407345207077,-24.5,-170.0
,,35.267,3675.0,53.64,-25.24,3.0,4.750652972448997,53.64,-25.24
25.540498733520508,,36.004,3304.0,1.0097,-24.996,10.0,4.973154498431506,1.0097,-24.996
10.095000267028809,,34.048,5534.0,41.0,155.0,10.0,4.85676584363632,41.0,155.0
17.369998931884766,,34.8849,3357.0,-32.5001,-106.1851,5.0,4.385282373025453,-32.5001,-106.1851
,,34.802,2904.0,59.235,-35.121,2.48,4.268046303180495,59.235,-35.121
27.858999252319336,,34.824,5700.0,-23.492,-170.0,3.0,4.897516230277699,-23.492,-170.0
21.454999923706055,,34.873,932.0,27.794,127.81,0.0,4.62821848203082,27.794,127.81
28.229999542236328,,34.5331,3312.0,23.9948,130.9922,0.0,4.396318739274722,23.9948,130.9922
,,35.634,3588.0,44.0,-16.67,3.8415,5.122774404570316,44.0,-16.67
,,35.76,5023.0,41.0,-19.333,6.7472,4.981722030249972,41.0,-19.333
,,28.488,17.0,54.399,8.0996,4.0,1.918087657364908,54.399,8.0996
-0.3199999928474426,,31.1636,98.0,57.96,-170.83,10.0,5.188353094845831,57.96,-170.83
10.207500457763672,,34.1,4184.0,-49.0,-103.0,8.0,3.4275799631566573,-49.0,-103.0
,,33.432,5332.0,44.1,155.0,10.0,3.637948579062257,44.1,155.0
,,34.729,26.0,54.999,2.0012,4.598,4.191407638331946,54.999,2.0012
8.579999923706055,,32.641,7.0,53.209,-9.10117,10.0,3.465027486399356,53.209,-9.10117
,,34.737,6046.0,32.002,165.0,0.0,5.016009710392519,32.002,165.0
,,35.73,4849.0,44.0,-18.66,7.7148,5.04573736490086,44.0,-18.66
,,33.71,5410.0,-57.713,13.488,5.0,3.891440476962828,-57.713,13.488
10.59666633605957,,34.382,3120.0,-44.489,95.028,6.0,3.9586461579026344,-44.489,95.028
2.0299999713897705,,33.781,1797.0,-55.599,-34.183,5.0,3.31372482825116,-55.599,-34.183
,,34.907,77.0,56.999,2.2495,5.0,3.960597215189871,56.999,2.2495
,,35.544,3261.0,53.231,-15.935,4.0,4.067187863761136,53.231,-15.935
18.412498474121097,,35.187,5715.0,30.001,169.4,2.0,4.85393624017938,30.001,169.4
27.8799991607666,,34.5089,5483.0,14.9917,136.9922,0.0,4.459026001961156,14.9917,136.9922
20.97749900817871,,34.545,5713.0,32.0,147.97,0.0,4.847511688061488,32.0,147.97
12.842499732971191,,32.651,5230.0,47.0,-153.63,9.0,3.6700042665702104,47.0,-153.63
,,31.6748,72.0,57.9073,-169.0622,2.0,2.4341044554819713,57.9073,-169.0622
,,35.13,1422.0,58.727,-30.696,6.0,4.745802620051017,58.727,-30.696
,,32.203,30.0,53.975,7.4995,5.0,4.08365397237881,53.975,7.4995
,,35.251,1424.0,57.49,-20.146,8.0,4.732141097704325,57.49,-20.146
9.404999732971191,,32.825,5329.0,44.009,155.02,0.0,3.08431941853925,44.009,155.02
28.84000015258789,,35.269,5661.0,-0.0047,-164.79,10.0,4.682982068624532,-0.0047,-164.79
,,34.43,3826.0,23.751,132.0027,0.0,4.573530174441393,23.751,132.0027
25.52833366394043,,33.703,3818.0,3.5002,-110.0,3.0,4.173781657977127,3.5002,-110.0
,,34.771,44.0,57.0,5.2515,9.487,3.4886805540742913,57.0,5.2515
,,34.172,4485.0,-58.499,-0.001,10.0,3.0137407586680607,-58.499,-0.001
5.34499979019165,,33.6306,5964.0,44.9855,164.986,10.0,3.163959902544978,44.9855,164.986
,,33.189,30.0,57.0,7.4982,5.0,4.121980267006562,57.0,7.4982
27.099998474121097,,34.393,4199.0,24.676,130.02,10.0,4.697435651974364,24.676,130.02
22.53999900817871,,34.314,5905.0,34.995,165.01,0.0,4.209106680753942,34.995,165.01
,,33.711,4227.0,-47.67,58.0,5.1,3.641868448819368,-47.67,58.0
28.86000061035156,,33.997,3338.0,8.9912,139.99,0.0,4.556052562598587,8.9912,139.99
26.36916732788086,,34.508,3017.0,39.084,-69.353,5.1,4.392056121768599,39.084,-69.353
,,31.103,49.0,58.5,-167.5,10.0,2.756352722669734,58.5,-167.5
22.448749542236328,,36.48,5150.0,39.689,-59.182,3.0,5.570920542320006,39.689,-59.182
,,35.275,116.0,59.999,2.5007,5.451,3.997658941432057,59.999,2.5007
,,34.374,95.0,59.998,1.4992,10.0,4.771635947542254,59.998,1.4992
7.159999847412109,,33.945,4510.0,-47.475,-86.457,6.0,3.549185468265897,-47.475,-86.457
5.670000076293945,,33.907,3874.0,-57.132,-64.253,5.9,3.3817434090555256,-57.132,-64.253
,0.5244659781455994,34.69,672.0,59.815,-42.279,6.0,3.86014031728244,59.815,-42.279
11.22499942779541,,34.8621,3187.0,55.50486,-26.70762,7.0,4.205024585718997,55.50486,-26.70762
,,34.303,5765.0,39.0,155.0,0.0,3.8871606020578344,39.0,155.0
16.448333740234375,,34.651,5976.0,36.004,149.27,0.0,4.583120557596536,36.004,149.27
8.657500267028809,,34.131,5146.0,-45.0,-30.904,4.0,3.663748888224048,-45.0,-30.904
,,33.941,3954.0,-40.999,-103.0,4.0,3.496663290158803,-40.999,-103.0
29.997499465942383,,34.227,5483.0,15.008,137.0,0.0,4.365208594921618,15.008,137.0
17.119998931884766,,35.619,4444.0,49.0,-19.991,2.0,5.064068825912746,49.0,-19.991
,,31.0597,48.0,59.9,-169.21,10.0,2.2970932197474108,59.9,-169.21
,,35.296,2263.0,-44.365,146.23,10.0,4.793245646048203,-44.365,146.23
10.14199924468994,,32.683,64.0,40.93,-67.7083,3.0,3.1499277783340003,40.93,-67.7083
30.842498779296875,,32.935,95.0,27.8697,-93.83,3.0,3.94578618637183,27.8697,-93.83
,,34.5463,4945.0,24.2498,138.5813,0.0,4.3077119168613915,24.2498,138.5813
,,34.148,31.0,53.801,5.2485,9.997,3.843269823346429,53.801,5.2485
27.98500061035156,,36.121,4990.0,7.5003,-33.5,6.0,5.2060585072906145,7.5003,-33.5
-0.2399999946355819,,31.6651,72.0,56.8445,-164.0662,10.0,4.214839245839253,56.8445,-164.0662
,,35.307,365.0,-32.653,114.76,7.0,5.113854307556308,-32.653,114.76
,,34.548,69.0,55.0,-0.50067,4.694,3.8401968941735536,55.0,-0.50067
18.125,,34.474,98.0,28.701,124.91,1.0,4.739667315766322,28.701,124.91
27.388999938964844,,25.962,2243.0,8.2714,-52.85,3.0,3.328756622789621,8.2714,-52.85
20.99250030517578,,35.875,5702.0,-31.001,-170.0,5.0,5.144517691224459,-31.001,-170.0
,,34.852,3554.0,58.221,-50.886,2.0,3.622908659236916,58.221,-50.886
,,35.919,5295.0,41.5,-18.0,5.8849,4.764977568474441,41.5,-18.0
27.261249542236328,,36.162,5261.0,-2.6668,-25.001,2.0,4.962442351038022,-2.6668,-25.001
6.292999744415283,,32.219,1.0,53.2495,-9.02083,3.0,2.9362948817669388,53.2495,-9.02083
23.397499084472656,,36.9868,3649.0,29.247,-15.926,4.0,5.169622449993269,29.247,-15.926
,,35.728,3412.0,46.912,-27.305,10.0,4.8971681934630595,46.912,-27.305
27.510000228881836,,34.6741,4503.0,-13.957,54.9983,4.0,4.39995022860355,-13.957,54.9983
,,35.3,95.0,59.999,1.5018,5.222,3.920260661146072,59.999,1.5018
7.324999809265137,,34.705,3425.0,58.484,-53.662,10.0,4.9029628572482995,58.484,-53.662
14.594999313354492,,33.674,226.0,36.8,-121.85,4.0,3.9363303336008215,36.8,-121.85
28.229999542236328,,34.5126,3312.0,23.9948,130.9922,10.0,4.429442234388963,23.9948,130.9922
16.32499885559082,,34.875,5509.0,33.0,-152.0,5.0,4.727623382193834,33.0,-152.0
1.899999976158142,,33.719,2675.0,-52.601,0.0005,6.0,3.17672489850348,-52.601,0.0005
1.0099999904632568,,33.664,3259.0,-58.501,-30.93,3.0,3.382090400919028,-58.501,-30.93
13.539999961853027,,33.415,2205.0,36.53,-122.44,10.0,3.317937017603484,36.53,-122.44
24.231666564941406,,36.064,203.0,18.01,-16.5,9.0,4.663829186675646,18.01,-16.5
14.375,,35.644,4507.0,45.794,-19.091,5.0,5.38932604679912,45.794,-19.091
16.823333740234375,,32.807,5149.0,41.938,151.48,10.0,3.682685213973231,41.938,151.48
24.707500457763672,,36.083,2615.0,19.0,-18.0,10.0,5.138938042957697,19.0,-18.0
27.480833053588867,,32.119,4990.0,13.162,-53.4211,9.0,4.065614219805228,13.162,-53.4211
,,34.3646,973.0,24.247,141.402,10.0,4.275722166365797,24.247,141.402
25.059999465942383,,36.241,5364.0,10.08,-24.521,5.0,5.0379519692486285,10.08,-24.521
,,30.9021,44.0,59.9038,-168.5867,2.0,1.4912784172590543,59.9038,-168.5867
,,33.258,1969.0,32.34,-120.09,4.0,3.842404761743893,32.34,-120.09
29.086999893188477,,35.245,3134.0,5.5938,60.6223,4.0,4.580771825469801,5.5938,60.6223
23.994165420532227,,34.861,5272.0,22.5,-152.0,10.0,4.667247066632802,22.5,-152.0
,,34.19,2871.0,0.0008,160.0,0.0,4.553179052701679,0.0008,160.0
9.641666412353516,,34.283,111.0,53.9467,-5.34633,4.0,3.852556078669904,53.9467,-5.34633
14.09999942779541,,34.453,5259.0,-46.724,-170.89,3.0,4.3220463665813424,-46.724,-170.89
13.91249942779541,,32.785,5699.0,41.672,146.53,10.0,3.78023508016275,41.672,146.53
,,34.136,5285.0,-11.411,95.001,4.0,4.542057445600678,-11.411,95.001
15.917499542236328,,35.321,1426.0,53.999,-19.998,4.0,5.027727581071526,53.999,-19.998
27.1612491607666,,34.626,6182.0,-16.838,94.993,3.0,4.562384304494297,-16.838,94.993
30.44999885559082,,34.2474,2871.0,-0.0028,159.997,10.0,4.389522046710571,-0.0028,159.997
15.998332977294922,,35.702,4320.0,49.158,-21.732,4.46,5.327226416355393,49.158,-21.732
31.084999084472656,,34.158,4296.0,5.0042,147.86,0.0,4.370992455975138,5.0042,147.86
,,32.4646,114.0,59.8917,-178.1935,10.0,3.4187002163267484,59.8917,-178.1935
,,35.446,4021.0,-35.681,-170.01,5.0,4.586279982454905,-35.681,-170.01
,,33.936,5475.0,-57.498,30.0,7.0,3.2706631092186336,-57.498,30.0
,,35.393,5109.0,-29.502,-169.99,3.079,5.141157105054047,-29.502,-169.99
28.147499084472656,,34.035,3828.0,8.9947,137.0,10.0,4.397575773241796,8.9947,137.0
16.364999771118164,,36.335,4873.0,41.982,-41.982,10.0,5.165001464140121,41.982,-41.982
,,31.2386,61.0,57.45,-169.77,4.0,4.749507316767909,57.45,-169.77
16.23699951171875,,34.397,5270.0,-41.5,-150.0,3.0,4.1519639136075135,-41.5,-150.0
,,35.584,1022.0,49.107,-12.197,10.0,4.658967572916514,49.107,-12.197
25.930831909179688,,35.003,3784.0,24.014,136.96,0.0,4.722025383715211,24.014,136.96
18.78499984741211,,33.88,2990.0,37.78,134.73,0.0,4.4524099871306895,37.78,134.73
12.897500038146973,,35.631,4022.0,48.785,-21.432,6.0,4.8452184918593355,48.785,-21.432
8.194999694824219,,32.978,3826.0,57.0,176.0,0.0,3.931634451976621,57.0,176.0
11.969999313354492,,35.085,123.0,59.6,-3.5012,2.0,4.526704995171134,59.6,-3.5012
28.648887634277344,,35.148,5423.0,18.0,164.99,0.0,4.840025695357615,18.0,164.99
,,34.185,5538.0,38.971,179.03,10.0,4.63718591672993,38.971,179.03
27.171667098999023,,36.337,5825.0,-5.9998,-25.001,2.0,4.991032669908376,-5.9998,-25.001
,,34.606,2945.0,59.988,-48.904,3.0,5.644951603289929,59.988,-48.904
,,34.854,113.0,59.0,2.4833,5.0,4.208364390401918,59.0,2.4833
27.616249084472656,,29.1736,208.0,7.1498,-53.1894,5.0,3.350005896935335,7.1498,-53.1894
24.63999938964844,,34.665,3769.0,24.29,132.82,10.0,5.046572867588022,24.29,132.82
,,34.019,3376.0,-56.233,-0.0015,6.0,3.08736765608872,-56.233,-0.0015
30.417499542236328,,34.1357,3569.0,6.5016,89.3396,6.0,4.255621997984893,6.5016,89.3396
8.91249942779541,,34.028,97.0,55.2878,-5.83533,3.0,3.651530275717107,55.2878,-5.83533
14.804999351501465,,33.285,3772.0,34.5,-121.86,10.0,3.5728605991580995,34.5,-121.86
16.279998779296875,,33.929,5270.0,41.488,179.0,10.0,4.539879452414361,41.488,179.0
5.512499809265137,,31.6089,51.0,59.9,-172.2,2.0,2.650667188158738,59.9,-172.2
22.34000015258789,,34.646,5795.0,36.032,148.16,10.0,4.745091664439835,36.032,148.16
16.22333335876465,,35.193,3648.0,51.502,-20.0,3.0,4.864702583465072,51.502,-20.0
26.55299949645996,,35.3704,1516.0,7.9449,-52.8143,5.0,4.484229279243259,7.9449,-52.8143
7.174999713897705,,32.4966,3941.0,49.57,-138.67,5.0,2.9104251861097405,49.57,-138.67
0.25,,32.57,883.0,55.114,-54.14,10.0,2.378724943133544,55.114,-54.14
19.594999313354492,,34.233,6005.0,38.0,155.0,10.0,4.892019497444602,38.0,155.0
25.77666664123535,,35.355,5366.0,30.008,-171.67,9.0,4.840471928342336,30.008,-171.67
29.25,,36.1332,468.0,30.9813,-79.6595,6.0,4.867083234144669,30.9813,-79.6595
26.073749542236328,,34.627,533.0,26.996,127.49,0.0,4.470455997595271,26.996,127.49
,,31.512,81.0,48.78,-125.57,2.0,4.798083248490341,48.78,-125.57
,,33.302,44.0,55.0,6.5,5.0,3.8414244198842376,55.0,6.5
,,35.734,3438.0,43.499,-17.999,4.96,4.834171094230652,43.499,-17.999
,,33.5139,318.0,42.8918,145.5188,10.0,4.349122334130916,42.8918,145.5188
,,32.9964,5336.0,44.0859,155.0166,10.0,3.953537309650104,44.0859,155.0166
29.71500015258789,,34.4675,5577.0,15.0158,136.996,10.0,4.438166274641788,15.0158,136.996
,,34.2485,4729.0,24.2623,133.9967,0.0,4.208362296004238,24.2623,133.9967
,,34.622,3714.0,53.749,-49.397,9.6108,3.7925308681701577,53.749,-49.397
2.03499984741211,,33.777,361.0,-55.23,-34.738,4.0,3.2885581375339363,-55.23,-34.738
,,34.41,31.0,53.8,5.25,5.0,3.848215153520409,53.8,5.25
23.05500030517578,,36.1866,5073.0,12.4719,-52.3337,5.0,4.997422321897954,12.4719,-52.3337
19.80749893188477,,35.271,4323.0,-35.002,73.5,3.587,4.714716987249963,-35.002,73.5
8.09999942779541,,32.93,5629.0,44.0,-152.0,10.0,3.4956593981703663,44.0,-152.0
24.231666564941406,,36.068,203.0,18.01,-16.5,5.0,4.7562894219411715,18.01,-16.5
12.375,,32.42,3941.0,49.566,-138.67,5.0,3.642726195306745,49.566,-138.67
8.454999923706055,,33.948,1.0,51.6407,-9.70917,3.0,3.05407461855014,51.6407,-9.70917
30.111665725708008,,34.168,3088.0,-0.4968,142.99,0.0,4.346582927738416,-0.4968,142.99
,,33.075,5417.0,49.5,163.1,10.0,2.9078073117233414,49.5,163.1
20.584999084472656,,35.828,4877.0,-34.5,1.1577,6.0,4.7741356609440615,-34.5,1.1577
,,33.804,3975.0,-49.0,0.6928,5.0,3.3851612712049235,-49.0,0.6928
,,35.971,5712.0,-32.885,100.11,6.0,4.92369198726284,-32.885,100.11
,,34.949,2781.0,56.629,-27.58,6.0,4.620490396495864,56.629,-27.58
,,31.6527,71.0,56.851,-164.512,10.0,3.8582116029353384,56.851,-164.512
,,31.337,88.0,59.101,-170.2673,2.0,2.3988948222099875,59.101,-170.2673
28.0,,22.0955,18.0,36.97766,-76.34131,9.0,1.3385490471688983,36.97766,-76.34131
,,35.978,5485.0,40.501,-18.666,4.9614,5.406855572250524,40.501,-18.666
28.700000762939453,,36.0207,2256.0,35.504,-74.5362,6.0,4.984965437183293,35.504,-74.5362
28.57499885559082,,35.15,4236.0,1.7299,-151.0,10.0,4.204352919895385,1.7299,-151.0
,,35.875,4103.0,42.0,-20.66,7.2415,5.034761892739799,42.0,-20.66
6.424999713897705,,31.977,2.0,53.2295,-9.05983,3.0,3.0711978886312443,53.2295,-9.05983
,,32.017,322.0,57.999,9.5043,5.595,4.453745485506096,57.999,9.5043
,,30.95,69.0,58.13,-168.96,3.0,1.5923976822333417,58.13,-168.96
28.21500015258789,,34.012,4637.0,9.4898,149.33,8.0,4.392606232683513,9.4898,149.33
,,34.59,3544.0,57.376,-51.794,3.0,4.405573910429307,57.376,-51.794
,,34.463,6005.0,38.0,155.0,10.0,4.566353805874586,38.0,155.0
,,33.766,21.0,51.983,3.499,10.0,4.394123983949698,51.983,3.499
25.913333892822266,,36.46,5341.0,-25.0,-25.0,3.0,4.996940205031175,-25.0,-25.0
,,35.766,3844.0,43.499,-20.665,4.6826,4.650508143227958,43.499,-20.665
,,33.961,5554.0,41.7,155.0,0.0,3.983112597231221,41.7,155.0
,,35.991,5317.0,40.5,-18.0,8.6145,4.837873294283363,40.5,-18.0
,,36.73,4172.0,29.62,-28.0,5.7606,5.529074958138635,29.62,-28.0
26.989999771118164,,34.104,3620.0,16.751,-110.0,5.0,4.34374277143701,16.751,-110.0
9.46500015258789,,34.153,3556.0,-51.5,-103.0,4.0,3.649706070398722,-51.5,-103.0
,,34.707,73.0,56.983,-1.5004,5.0,3.900734537076362,56.983,-1.5004
,,34.544,5293.0,-47.107,-170.46,2.8759,4.289852989708794,-47.107,-170.46
21.45833396911621,,34.721,3166.0,-33.001,-103.0,3.0,3.952571677341711,-33.001,-103.0
10.502500534057615,,35.068,1695.0,58.91,-31.913,8.0,4.524159225291374,58.91,-31.913
,,34.583,5658.0,39.5,155.0,0.0,4.912188824678488,39.5,155.0
,,33.742,5337.0,44.0,155.0,10.0,4.19922250251819,44.0,155.0
17.887500762939453,,33.536,1439.0,31.19,-117.79,4.0,3.7777473845021152,31.19,-117.79
4.994999885559082,,32.525,3014.0,58.0,-174.87,10.0,2.914251299209905,58.0,-174.87
15.352499008178713,,35.6,4787.0,46.545,-19.671,5.0,5.039793527787444,46.545,-19.671
,,34.111,198.0,58.999,3.5,5.0,6.188647031177599,58.999,3.5
29.877500534057617,,35.625,14.0,28.017,-83.031,6.0,4.291410620372542,28.017,-83.031
26.881248474121097,,36.316,5276.0,15.0,-29.0,3.0,5.113146622415771,15.0,-29.0
,,35.8,4941.0,42.033,-18.0,9.1276,5.000914843346496,42.033,-18.0
,0.2981540262699127,31.918,2439.0,48.184,-126.6,4.0,3.4074806810320357,48.184,-126.6
,,35.878,3574.0,43.0,-20.66,4.4339,5.105044255063305,43.0,-20.66
17.7189998626709,,35.394,4062.0,-39.501,-27.485,4.0,4.81195041161854,-39.501,-27.485
6.642499923706055,,34.404,3691.0,-50.68,143.42,9.0,3.7722390886164776,-50.68,143.42
,,32.8364,3999.0,46.9672,169.8093,10.0,2.978301021033966,46.9672,169.8093
,,35.936,6060.0,41.0,-17.33,4.8681,4.892051533604101,41.0,-17.33
,,31.357,53.0,48.81,-125.52,3.0,4.634011486280637,48.81,-125.52
,,34.985,106.0,59.001,-1.5012,5.0,3.933564389704978,59.001,-1.5012
,,34.768,2131.0,-50.904,0.6567,4.0,3.370952685222888,-50.904,0.6567
,,34.711,3366.0,34.001,175.0,0.0,4.4441499004502045,34.001,175.0
7.524999618530273,,34.332,4987.0,-50.503,-170.02,6.0,3.688719548410858,-50.503,-170.02
,,35.072,3673.0,52.893,-24.656,7.0,4.68378029795023,52.893,-24.656
10.079999923706056,,34.325,4517.0,-53.499,-150.0,6.0,3.840775512001702,-53.499,-150.0
,,35.501,144.0,49.235,-10.663,10.0,5.212984577641982,49.235,-10.663
6.706999778747559,,32.5289,3725.0,49.28,-134.67,5.0,2.947934465272783,49.28,-134.67
15.8125,,35.223,4260.0,-40.5,-28.101,5.0,4.722901480076665,-40.5,-28.101
,,34.351,6252.0,30.068,147.02,0.0,4.720470716900603,30.068,147.02
12.844999313354492,,34.8602,3439.0,-39.9996,-9.66570000000002,7.0,4.181300573772718,-39.9996,-9.66570000000002
18.453332901000977,,36.112,2064.0,-30.001,-33.967,4.0,5.198112770602586,-30.001,-33.967
,,35.74,3827.0,41.499,-20.665,4.961,4.861216337205713,41.499,-20.665
2.612499952316284,,34.682,3397.0,59.066,-49.95,2.0,4.101160531306952,59.066,-49.95
28.732498168945312,,34.8955,7797.0,-19.5237,-172.7885,6.0,4.765044924904366,-19.5237,-172.7885
,,34.819,2722.0,59.685,-39.6,5.0,4.419803281839325,59.685,-39.6
27.604999542236328,,34.677,3246.0,-19.396,177.49,10.0,5.0013935130947464,-19.396,177.49
21.143333435058594,,33.616,1329.0,40.004,142.98,0.0,4.366088895759828,40.004,142.98
8.335000038146973,,32.846,5889.0,46.991,166.75,10.0,3.397831770874343,46.991,166.75
,,31.5285,111.0,59.9,-174.6,3.0,5.237983251733012,59.9,-174.6
,,34.278,4448.0,-14.634,94.999,2.0,4.6226262093789705,-14.634,94.999
21.75,,35.571,5405.0,-34.499,-29.298,8.0,4.588357263698331,-34.499,-29.298
28.60249900817871,,33.939,4764.0,-8.2182,95.0,2.0,4.320897787252683,-8.2182,95.0
12.329999923706056,,34.3666,5528.0,40.0075,159.671,0.0,3.870063234295035,40.0075,159.671
,,32.926,5805.0,46.001,164.99,0.0,2.9352472132560545,46.001,164.99
,,32.949,5532.0,50.03,165.0,9.0,2.684259078967378,50.03,165.0
1.0,,31.2083,73.0,57.68,-169.51,4.0,4.831610894304796,57.68,-169.51
,,33.134,5249.0,35.504,-135.01,1.0,3.904041291410397,35.504,-135.01
,,31.49,231.0,51.33,-128.9,10.0,2.498309289634666,51.33,-128.9
30.84749984741211,,33.5766,4758.0,-2.5082,94.2373,5.0,4.17268493985724,-2.5082,94.2373
26.461666107177734,,35.289,6002.0,29.996,162.1,8.0,4.854715686368746,29.996,162.1
,,35.987,4767.0,41.0,-20.0,8.3593,4.91707851116331,41.0,-20.0
,,32.061,518.0,58.483,9.5,5.0,3.735538644441605,58.483,9.5
11.880000114440918,,34.398,4848.0,-47.0,-150.0,1.0,4.1087241455124985,-47.0,-150.0
30.13999938964844,,35.3592,6049.0,23.9932,164.9813,10.0,4.6853232503080555,23.9932,164.9813
,,33.975,4260.0,6.0,155.0,9.0,4.618962520960894,6.0,155.0
,,35.014,33.0,51.501,2.001,9.35,4.679451746455754,51.501,2.001
,,32.875,5201.0,47.097,160.09,0.0,2.5719963139519537,47.097,160.09
30.23499870300293,,34.0403,4775.0,5.0128,165.0072,10.0,4.333171042308504,5.0128,165.0072
,,35.117,5558.0,-20.995,-169.99,1.9877,5.255201919233014,-20.995,-169.99
,,33.928,38.0,56.001,6.4997,5.764,4.446629696818675,56.001,6.4997
,,35.953,5172.0,-39.192,-45.282,9.0,5.227973926860404,-39.192,-45.282
25.04624938964844,,36.5274,4876.0,16.5556,-52.3339,5.0,5.278012570100094,16.5556,-52.3339
29.02833366394043,,34.335,5137.0,0.3343,-3.0005,6.0,4.37886389615359,0.3343,-3.0005
,,31.4717,41.0,59.45,-167.81,2.0,1.9768267077575947,59.45,-167.81
6.329999923706055,,32.622,4524.0,53.001,-152.0,3.0,3.2280348818639473,53.001,-152.0
29.170000076293945,,34.7,2142.0,-4.2297,155.362,6.0,4.740477764685234,-4.2297,155.362
,,35.078,113.0,57.999,-0.4982,5.0,3.9137437830778854,57.999,-0.4982
,,32.3533,5198.0,46.9956,208.0001,10.0,2.987522740328354,46.9956,208.0001
,,32.15,183.0,52.065,-54.289,9.0,3.045848908573868,52.065,-54.289
14.85099983215332,,34.763,3397.0,-44.528,-173.5,2.0,4.540971391778659,-44.528,-173.5
,,34.948,4242.0,-36.018,95.008,4.0,4.480140847254128,-36.018,95.008
,,33.872,1905.0,-50.68,68.5,5.7,3.168832958171235,-50.68,68.5
29.654998779296875,,34.52,5579.0,15.161,149.32,0.0,4.575555222681078,15.161,149.32
,,33.813,3174.0,-53.132,142.15,9.0,3.1908265749719726,-53.132,142.15
,0.051580537110567,34.03,4719.0,9.4933,149.34,0.0,4.42982014217284,9.4933,149.34
,0.426227867603302,31.9611,48.0,57.31,-169.9182,10.0,2.50034163468703,57.31,-169.9182
,,31.8502,114.0,56.6297,-170.6742,10.0,2.8725778196620326,56.6297,-170.6742
13.364999771118164,,34.7125,6036.0,37.0235,149.6937,0.0,4.577000186668627,37.0235,149.6937
,,33.321,5722.0,44.001,165.01,9.0,4.395644983986237,44.001,165.01
2.055000066757202,,31.4047,79.0,56.97,-170.28,3.0,2.506459117141725,56.97,-170.28
,,33.583,30.0,55.999,7.4957,4.725,3.370208037700091,55.999,7.4957
,,32.782,29.0,54.4,7.4998,5.598,4.574257645564294,54.4,7.4998
,,35.604,5761.0,10.742,-28.0,5.4687,5.318891360433314,10.742,-28.0
12.54777717590332,,31.6618,23.0,44.9307,-66.84,6.0,2.535862703255272,44.9307,-66.84
1.8249999284744265,,33.711,2286.0,-51.86,0.007,5.0,3.154534479446191,-51.86,0.007
,,35.504,5549.0,-0.5002,-168.75,2.3868,4.4962329564677,-0.5002,-168.75
,,35.767,3438.0,43.5,-18.0,3.5478,4.876523395459286,43.5,-18.0
9.887499809265137,,35.502,188.0,52.999,-13.748,5.0,3.990429095915022,52.999,-13.748
15.55500030517578,,33.726,5145.0,39.5,-152.0,4.0,3.842382737028796,39.5,-152.0
,,34.949,107.0,57.001,0.8795,4.539,4.529447585467471,57.001,0.8795
,,33.812,5658.0,39.5,155.0,0.0,4.155461393797343,39.5,155.0
,,34.499,5672.0,35.0,155.0,10.0,4.797547667393629,35.0,155.0
,,32.4646,114.0,59.8917,-178.1935,2.0,3.482752086512348,59.8917,-178.1935
3.5112500190734863,,33.861,4912.0,-56.058,84.262,4.0,3.3592852082367193,-56.058,84.262
,,31.7744,62.0,57.45,-169.78,10.0,1.9375341426889876,57.45,-169.78
,,32.0709,91.0,59.911,-174.0243,10.0,2.574093169315112,59.911,-174.0243
28.272777557373047,,34.243,5198.0,14.001,136.99,5.0,4.414654761091279,14.001,136.99
28.038333892822266,,35.775,420.0,35.904,-74.821,9.0,4.992539281373781,35.904,-74.821
24.63999938964844,,36.091,1129.0,19.0,-17.0,6.0,4.8401309211552785,19.0,-17.0
6.292999744415283,,31.338,2.0,53.2493,-9.05067,3.0,2.731521691024536,53.2493,-9.05067
19.95833396911621,,34.757,4250.0,30.0,136.32,4.0,4.756386928284274,30.0,136.32
,,32.154,30.0,53.967,7.4833,10.0,3.6318812004103176,53.967,7.4833
18.204999923706055,,34.906,5639.0,-37.667,-150.0,4.0,4.28789134256619,-37.667,-150.0
15.644999504089355,,33.8912,4249.0,40.0103,143.9998,10.0,4.458718357841499,40.0103,143.9998
28.49833297729492,,35.178,5717.0,28.005,165.0,0.0,4.60832983038324,28.005,165.0
,,35.927,4565.0,40.0,-17.33,8.3357,4.760872418260559,40.0,-17.33
,,34.726,5993.0,30.0,142.25,4.0,4.771506246113598,30.0,142.25
10.279999732971191,,34.288,5825.0,38.0,148.99,0.0,3.792989699303895,38.0,148.99
7.892999649047852,,32.681999999999995,20.0,53.0682,-9.4205,3.0,3.109623520132146,53.0682,-9.4205
,,33.783,3595.0,-49.826,1.9228,9.3,3.368897489061613,-49.826,1.9228
,,33.846,2537.0,-52.0,-8.0,9.0,3.1042230164721016,-52.0,-8.0
,,36.351,930.0,36.167,-7.3873,1.9853,5.264508861130251,36.167,-7.3873
23.553749084472656,,37.262,5200.0,28.5,-24.217,3.0,5.080982009694823,28.5,-24.217
,,35.246,4698.0,-39.517,-172.42,3.2748,4.778501339166581,-39.517,-172.42
9.684999465942385,,33.955,69.0,38.47,-123.25,5.0,3.694022107269282,38.47,-123.25
17.029998779296875,,34.672,5936.0,35.029,164.99,0.0,4.6218578074432735,35.029,164.99
,,34.386,5509.0,15.019,137.01,0.0,4.678077724233557,15.019,137.01
,,34.365,3332.0,56.114,-53.117,10.0,4.475222072295752,56.114,-53.117
,,33.193,5497.0,43.249,155.0,10.0,4.184515715104499,43.249,155.0
,,34.452,5793.0,37.3,155.0,0.0,4.9198514134167315,37.3,155.0
25.78999900817871,,36.187,4876.0,7.9102,-24.86,5.0,4.943747450674511,7.9102,-24.86
5.125,,33.8,4353.0,-48.501,0.7618,5.0,3.3939418317237204,-48.501,0.7618
,,36.299,4996.0,39.0,-19.33,9.9288,4.93125304353734,39.0,-19.33
,,34.206,6101.0,34.003,165.01,0.0,4.718735400550758,34.003,165.01
,,35.677,4676.0,43.0,-16.67,8.8292,5.016243444438076,43.0,-16.67
3.7699999809265137,,34.783,3450.0,58.64,-50.416,3.0,3.8096275738796344,58.64,-50.416
0.6049999594688416,,31.4229,49.0,59.84,-171.85,2.0,1.6092480983693538,59.84,-171.85
27.956666946411133,,36.1054,289.0,32.386,-78.4752,3.0,4.933679411527696,32.386,-78.4752
16.814167022705078,,35.379,5350.0,-32.508,-143.15,10.0,4.909461260464945,-32.508,-143.15
28.887500762939453,,33.858,3390.0,4.2,155.0,10.0,4.63399210742999,4.2,155.0
,,34.705,59.0,56.999,3.7501,5.0,4.172348024049687,56.999,3.7501
5.839999675750732,,33.944,4046.0,-53.589,-78.948,8.0,3.175916524927698,-53.589,-78.948
,,34.678,4432.0,-47.47,144.9,4.0,4.0532704952245115,-47.47,144.9
30.32499885559082,,36.0795,3243.0,16.5073,67.5103,4.0,4.920496187762609,16.5073,67.5103
11.903332710266112,,34.293,5557.0,39.998,154.33,0.0,3.93807753530106,39.998,154.33
22.04833221435547,,34.639,1902.0,26.74,126.33,10.0,4.9389505744125355,26.74,126.33
5.375,,32.3297,178.0,56.28,-171.05,3.0,4.1120426231537826,56.28,-171.05
5.759999752044678,,34.046,4225.0,-57.13,-68.25,5.0,3.281121279131834,-57.13,-68.25
22.16499900817871,,34.781,6197.0,30.002,147.42,0.0,4.76945233154826,30.002,147.42
,,34.031,4582.0,-59.5,-103.0,4.0,3.370838621981012,-59.5,-103.0
20.536666870117188,,35.525,3999.0,-34.5,-25.0,2.0,4.742695277717942,-34.5,-25.0
0.9575000405311584,,30.9797,48.0,58.83,-168.16,3.0,3.993653693350768,58.83,-168.16
23.809999465942383,,33.872,3767.0,2.4987,-110.0,6.0,4.290580607857293,2.4987,-110.0
11.449999809265137,,34.93,3352.0,54.018,-25.53,5.0,4.397676965309445,54.018,-25.53
6.054999828338623,,33.907,2665.0,-56.421,-64.494,4.6,3.3967332925377343,-56.421,-64.494
24.864999771118164,,36.455,4942.0,16.5,-29.0,3.0,5.407566516123305,16.5,-29.0
16.954999923706055,,35.002,4094.0,-35.498,94.991,4.0,4.538668846513956,-35.498,94.991
24.256250381469727,,35.495,4146.0,-29.5,-150.0,6.0,4.9208504924609775,-29.5,-150.0
17.559999465942383,,34.758,5699.0,31.965,143.04,0.0,4.750132855965736,31.965,143.04
9.399999618530272,,34.767,3038.0,59.245,-36.398,8.0,4.158205026463175,59.245,-36.398
,,35.779,4967.0,42.001,-18.667,4.422,4.633994942107074,42.001,-18.667
,,34.4233,5610.0,40.0105,157.0107,0.0,4.509026126570284,40.0105,157.0107
,,36.339,4602.0,39.5,-17.25,4.5171,4.828941654642749,39.5,-17.25
4.230000019073486,,32.829,5850.0,47.997,164.98,0.0,3.4200389016735917,47.997,164.98
11.873749732971191,,34.654,4624.0,-45.176,-172.73,5.0,4.095068516519948,-45.176,-172.73
,,35.498,5726.0,-32.0,-170.0,6.256,5.046337794092385,-32.0,-170.0
,,35.726,2648.0,41.5,-20.0,5.6644,4.618898388337527,41.5,-20.0
,,32.742,100.0,42.972,145.4485,10.0,4.609757605592465,42.972,145.4485
8.063750267028809,,34.06,18.0,53.3398,-5.903,3.0,3.3324073143435413,53.3398,-5.903
27.986249923706055,,34.92,5090.0,-16.9985,80.001,10.0,4.563362645084425,-16.9985,80.001
8.770000457763672,,32.4307,116.0,48.6013,-126.0007,5.0,3.3178243136900485,48.6013,-126.0007
,,34.607,5798.0,-17.965,95.002,2.0,4.792702527760953,-17.965,95.002
28.30500030517578,,36.097,822.0,31.6367,-77.5287,5.0,4.9167481708407985,31.6367,-77.5287
6.154999732971191,,31.0749,72.0,57.5,-167.35,3.0,4.6936221082539715,57.5,-167.35
28.420000076293945,,33.8198,3206.0,13.99916,-102.9962,5.0,4.049792833118426,13.99916,-102.9962
29.49333381652832,,34.948,5355.0,14.982,136.98,10.0,4.778582549794488,14.982,136.98
,,34.3952,5610.0,40.0105,157.0107,10.0,4.495074973054086,40.0105,157.0107
,,33.886,3536.0,-52.084,142.7,6.0,3.456829585942132,-52.084,142.7
,0.2981540262699127,31.912,2439.0,48.184,-126.6,10.0,3.399948221217628,48.184,-126.6
,,34.925,106.0,57.0,0.86667,5.0,3.782789885512149,57.0,0.86667
2.325000047683716,,30.8332,70.0,57.9,-169.24,4.0,3.497736897879739,57.9,-169.24
,,34.457,6005.0,38.0,155.0,0.0,4.551773849943714,38.0,155.0
17.03499984741211,,35.61,5550.0,-32.5001,-163.8247,8.0,4.815621508184941,-32.5001,-163.8247
18.135000228881836,,19.876,261.0,49.73,-124.68,5.0,3.122281925649187,49.73,-124.68
11.28499984741211,,34.335,4529.0,-44.002,-30.264,10.0,3.976350451868853,-44.002,-30.264
,,36.103,5076.0,40.5,-19.33,5.0353,4.954658300380011,40.5,-19.33
,,33.805,2638.0,-54.064,141.6,10.0,3.192454633677437,-54.064,141.6
,,32.767,5238.0,39.9513,147.7061,10.0,4.5535105628338535,39.9513,147.7061
7.339999675750732,,32.864,5531.0,50.016,165.01,10.0,3.1518296715142937,50.016,165.01
28.625,,34.613,5127.0,0.0008,-3.001,5.0,4.435084996496788,0.0008,-3.001
,,32.2937,2950.0,58.0,-174.84,5.0,3.8557154703571377,58.0,-174.84
,,34.282,5672.0,35.0,155.0,5.0,4.683086093864522,35.0,155.0
27.49099922180176,,35.524,4092.0,4.0027,-25.503,3.0,4.925801698161511,4.0027,-25.503
,,31.4977,47.0,58.144,-169.9192,10.0,2.5204709115192214,58.144,-169.9192
12.984999656677246,,35.259,1183.0,58.5,-15.999,5.0,4.928167728023659,58.5,-15.999
,,33.363,25.0,53.203,4.5005,5.287,3.7714329465091345,53.203,4.5005
,,32.395,4598.0,46.244,-143.34,1.0,4.129595821007379,46.244,-143.34
,,35.737,4239.0,4.667,-26.831,1.0,5.059358267952612,4.667,-26.831
,,32.247,535.0,58.5,10.133,5.0,3.5254747553696317,58.5,10.133
,,33.822,22.0,53.832,6.502,4.428,3.5650127691949995,53.832,6.502
30.229999542236328,,33.953,4511.0,2.821,138.01,0.0,4.269286655738951,2.821,138.01
,,34.291,42.0,53.8,4.0002,5.696,4.447689618687135,53.8,4.0002
,,36.334,4980.0,40.5,-20.0,4.251,5.005856616320949,40.5,-20.0
2.690000057220459,,33.834,4692.0,-55.195,85.189,5.0,3.187771905224825,-55.195,85.189
,,35.541,1512.0,-32.567,114.38,3.0,5.230244618528245,-32.567,114.38
19.53499984741211,,35.48,4829.0,-39.968,-172.69,4.0,4.810059703350216,-39.968,-172.69
,,35.241,928.0,58.95,-17.182,7.0,4.2918019935236424,58.95,-17.182
,,33.418,4006.0,31.95,-120.9,10.0,3.883174822369473,31.95,-120.9
,,34.065,5829.0,39.029,169.97,0.0,3.931938831851903,39.029,169.97
,,36.06,5221.0,40.0,-19.33,6.6672,4.855970816909395,40.0,-19.33
13.3149995803833,,34.2,5701.0,41.653,146.5,0.0,3.949558990781113,41.653,146.5
27.936248779296875,,35.196,4168.0,4.0003,-23.0,4.0,5.027727413955437,4.0003,-23.0
,,35.615,4221.0,-35.0,73.47,3.1,4.708272133053282,-35.0,73.47
,,35.737,4026.0,44.001,-19.998,1.5122,4.556566276283215,44.001,-19.998
,,32.627,4082.0,41.642,-135.99,1.0,3.6897373866203047,41.642,-135.99
,,35.072,47.0,50.5,0.0018333,4.752,3.965494356444367,50.5,0.0018333
28.791000366210938,,34.71,5076.0,-11.496,-170.0,6.0,4.748865950682419,-11.496,-170.0
,,33.24,269.0,59.0,4.701,5.131,3.3250952156989175,59.0,4.701
23.76249885559082,,36.525,4844.0,20.001,-29.0,10.0,5.057149234830917,20.001,-29.0
,,34.836,33.0,56.0,5.0005,4.981,4.302531131821074,56.0,5.0005
,,31.1627,85.0,58.36,-168.7,3.0,1.9911232234901632,58.36,-168.7
7.25124979019165,,31.0014,191.0,48.6183,-123.2483,5.0,0.5527662889592395,48.6183,-123.2483
,,34.082,5375.0,39.005,147.0,0.0,4.590709657932255,39.005,147.0
28.63599967956543,,36.429,5257.0,13.571,-52.338,4.0,5.385457733396838,13.571,-52.338
8.295000076293945,,34.179,4059.0,-53.5,-103.0,5.0,3.614425646008939,-53.5,-103.0
,,36.21,5485.0,40.5,-18.66,8.5345,4.974897713982799,40.5,-18.66
25.84312438964844,,36.182,4619.0,-0.99818,-23.0,10.0,4.796930896349811,-0.99818,-23.0
30.0049991607666,,34.816,4411.0,20.502,149.33,0.0,4.618179383570198,20.502,149.33
22.385000228881836,,34.715,5990.0,33.518,141.5,10.0,4.796155726988936,33.518,141.5
,,32.0827,40.0,59.508,-167.729,10.0,2.628987197387997,59.508,-167.729
20.528331756591797,,36.057,4788.0,39.499,-20.0,4.0,5.037484666317951,39.499,-20.0
,,32.757,5337.0,44.0,155.0,0.0,3.391244352438558,44.0,155.0
,,35.939,4126.0,44.5,-20.0,7.3629,5.138929746894214,44.5,-20.0
,,35.903,4086.0,44.0,-20.66,3.4662,5.084138411166497,44.0,-20.66
10.600000381469728,,32.679,5697.0,47.022,174.97,0.0,3.3761689099130563,47.022,174.97
,,34.706,6492.0,35.05,142.53,10.0,5.030390898219455,35.05,142.53
13.052499771118164,,34.432,5434.0,36.0,155.0,8.0,4.330244849337097,36.0,155.0
14.34999942779541,,34.882,3432.0,-41.785,95.0,5.0,4.302257455475318,-41.785,95.0
2.8450000286102295,,32.928,5862.0,48.011,165.02,0.0,3.0352272661238993,48.011,165.02
,,32.9885,6009.0,46.9985,171.6176,10.0,2.9390811086822604,46.9985,171.6176
28.232500076293945,,34.3154,5413.0,4.9913,137.0072,9.0,4.364769177193603,4.9913,137.0072
,,32.0293,110.0,59.91,-172.8,10.0,1.867456893504566,59.91,-172.8
